anomaly_id,severity,model_output,anomaly_date
a1f0c8e2-1b44-4d90-9c31-000000000001,critical,"{""detector"": ""interface_flap"", ""window"": {""start"": ""2026-07-08T06:00:00Z"", ""end"": ""2026-07-08T07:47:00Z""}, ""impacted_hostnames"": [""FAIRVIEW-EDG01"", ""stonebridge-edg01""], ""impacted_interfaces"": [""xe-0/0/21"", ""xe-0/0/0""], ""host_count"": 2, ""interface_count"": 2, ""SNMP_LINK_impact_score"": 4.0, ""SNMP_LINK_criticality"": ""high"", ""OSPF_NBR_impact_score"": 3.0, ""OSPF_NBR_criticality"": ""high"", ""BGP_impact_score"": 2.0, ""BGP_criticality"": ""medium"", ""LLDP_NBR_impact_score"": 0.0, ""LLDP_NBR_criticality"": ""low"", ""criticality"": ""critical"", ""flap_timeline"": {""FAIRVIEW-EDG01"": {""xe-0/0/21"": [{""timestamp"": ""2026-07-08T07:02:30Z"", ""signal"": ""SNMP_LINK"", ""status"": ""down""}, {""timestamp"": ""2026-07-08T07:02:40Z"", ""signal"": ""SNMP_LINK"", ""status"": ""up""}, {""timestamp"": ""2026-07-08T07:02:45Z"", ""signal"": ""OSPF_NBR"", ""status"": ""down""}, {""timestamp"": ""2026-07-08T07:45:30Z"", ""signal"": ""SNMP_LINK"", ""status"": ""down""}, {""timestamp"": ""2026-07-08T07:45:40Z"", ""signal"": ""SNMP_LINK"", ""status"": ""up""}]}, ""stonebridge-edg01"": {""xe-0/0/0"": [{""timestamp"": ""2026-07-08T07:02:05Z"", ""signal"": ""SNMP_LINK"", ""status"": ""down""}, {""timestamp"": ""2026-07-08T07:02:42Z"", ""signal"": ""SNMP_LINK"", ""status"": ""up""}, {""timestamp"": ""2026-07-08T07:45:05Z"", ""signal"": ""SNMP_LINK"", ""status"": ""down""}, {""timestamp"": ""2026-07-08T07:45:42Z"", ""signal"": ""SNMP_LINK"", ""status"": ""up""}]}}}",2026-07-08
a1f0c8e2-1b44-4d90-9c31-000000000002,critical,"{""detector"": ""bgp_session"", ""window"": {""start"": ""2026-07-08T07:00:00Z"", ""end"": ""2026-07-08T07:07:00Z""}, ""impacted_hostnames"": [""fairview-fw04"", ""FAIRVIEW-EDG01""], ""impacted_interfaces"": [""xe-0/0/5""], ""host_count"": 2, ""interface_count"": 1, ""BGP_impact_score"": 4.0, ""BGP_criticality"": ""critical"", ""VPN_impact_score"": 3.0, ""VPN_criticality"": ""high"", ""OSPF_NBR_impact_score"": 2.0, ""OSPF_NBR_criticality"": ""medium"", ""criticality"": ""critical"", ""event_summary"": {""bgp_peer_loss_events"": 1, ""vpn_rekey_events"": 1, ""upstream_trigger_hint"": ""xe-0/0/21 backbone flap on FAIRVIEW-EDG01""}}",2026-07-08
a1f0c8e2-1b44-4d90-9c31-000000000003,critical,"{""detector"": ""policy_deny"", ""window"": {""start"": ""2026-07-05T03:00:00Z"", ""end"": ""2026-07-05T04:00:00Z""}, ""impacted_hostnames"": [""cedarhollow-fw01""], ""host_count"": 1, ""POLICY_impact_score"": 4.0, ""POLICY_criticality"": ""critical"", ""criticality"": ""critical"", ""event_summary"": {""deny_signal"": ""policy"", ""zone_hint"": ""internet_facing""}}",2026-07-05
a1f0c8e2-1b44-4d90-9c31-000000000004,high,"{""detector"": ""policy_deny"", ""window"": {""start"": ""2026-07-14T17:00:00Z"", ""end"": ""2026-07-14T18:00:00Z""}, ""impacted_hostnames"": [""fairview-fw02""], ""host_count"": 1, ""POLICY_impact_score"": 3.0, ""POLICY_criticality"": ""high"", ""criticality"": ""high"", ""event_summary"": {""deny_signal"": ""policy"", ""zone_hint"": ""inbound""}}",2026-07-14
a1f0c8e2-1b44-4d90-9c31-000000000005,high,"{""detector"": ""policy_deny"", ""window"": {""start"": ""2026-07-12T19:00:00Z"", ""end"": ""2026-07-12T20:00:00Z""}, ""impacted_hostnames"": [""fairview-fw03""], ""host_count"": 1, ""POLICY_impact_score"": 3.0, ""POLICY_criticality"": ""high"", ""criticality"": ""high"", ""event_summary"": {""deny_signal"": ""policy"", ""zone_hint"": ""egress""}}",2026-07-12
a1f0c8e2-1b44-4d90-9c31-000000000006,high,"{""detector"": ""interface_error"", ""window"": {""start"": ""2026-08-18T00:00:00Z"", ""end"": ""2026-08-18T01:59:00Z""}, ""impacted_hostnames"": [""ASHGROVE-CRT01"", ""ASHGROVE-CSW01""], ""impacted_interfaces"": [""et-2/0/2"", ""xe-0/0/14""], ""host_count"": 2, ""interface_count"": 2, ""SNMP_LINK_impact_score"": 3.0, ""SNMP_LINK_criticality"": ""high"", ""criticality"": ""high"", ""flap_timeline"": {""ASHGROVE-CRT01"": {""et-2/0/2"": [{""timestamp"": ""2026-08-18T00:20:03Z"", ""signal"": ""SNMP_LINK"", ""status"": ""down""}, {""timestamp"": ""2026-08-18T00:20:38Z"", ""signal"": ""SNMP_LINK"", ""status"": ""up""}]}, ""ASHGROVE-CSW01"": {""xe-0/0/14"": [{""timestamp"": ""2026-08-18T00:20:20Z"", ""signal"": ""SNMP_LINK"", ""status"": ""down""}, {""timestamp"": ""2026-08-18T00:20:35Z"", ""signal"": ""SNMP_LINK"", ""status"": ""up""}]}}}",2026-08-18
a1f0c8e2-1b44-4d90-9c31-000000000007,medium,"{""detector"": ""sdwan_path_quality"", ""window"": {""start"": ""2026-07-24T23:00:00Z"", ""end"": ""2026-07-25T00:00:00Z""}, ""impacted_hostnames"": [""branch-brighton-227-edge1""], ""host_count"": 1, ""BFD_impact_score"": 2.0, ""BFD_criticality"": ""medium"", ""SDWAN_impact_score"": 2.0, ""SDWAN_criticality"": ""medium"", ""criticality"": ""medium"", ""event_summary"": {""breached_metric"": ""packet_loss"", ""wan_circuit_group_hint"": ""Southeast-04""}}",2026-07-24
a1f0c8e2-1b44-4d90-9c31-000000000008,medium,"{""detector"": ""sdwan_path_quality"", ""window"": {""start"": ""2026-07-14T03:00:00Z"", ""end"": ""2026-07-14T04:00:00Z""}, ""impacted_hostnames"": [""branch-meridian-014-edge1""], ""host_count"": 1, ""BFD_impact_score"": 2.0, ""BFD_criticality"": ""medium"", ""SDWAN_impact_score"": 2.0, ""SDWAN_criticality"": ""medium"", ""criticality"": ""medium"", ""event_summary"": {""breached_metric"": ""packet_loss"", ""wan_circuit_group_hint"": ""Southeast-04""}}",2026-07-14
a1f0c8e2-1b44-4d90-9c31-000000000009,low,"{""detector"": ""interface_availability"", ""window"": {""start"": ""2026-08-14T18:00:00Z"", ""end"": ""2026-08-14T18:59:00Z""}, ""impacted_hostnames"": [""MILLBROOK-EDG01"", ""MILLBROOK-EDG02""], ""impacted_interfaces"": [""ge-0/0/36""], ""host_count"": 2, ""interface_count"": 1, ""SNMP_LINK_impact_score"": 0.0, ""SNMP_LINK_criticality"": ""low"", ""criticality"": ""low"", ""event_summary"": {""change_ref_hint"": ""CHG-2026-0611"", ""planned"": true}}",2026-08-14
a1f0c8e2-1b44-4d90-9c31-000000000010,low,"{""detector"": ""interface_flap"", ""window"": {""start"": ""2026-08-06T00:00:00Z"", ""end"": ""2026-08-06T00:59:00Z""}, ""impacted_hostnames"": [""ASHGROVE-CRT01"", ""ASHGROVE-CSW01""], ""impacted_interfaces"": [""et-2/0/2"", ""xe-0/0/14""], ""host_count"": 2, ""interface_count"": 2, ""SNMP_LINK_impact_score"": 1.0, ""SNMP_LINK_criticality"": ""low"", ""criticality"": ""low"", ""flap_timeline"": {""ASHGROVE-CRT01"": {""et-2/0/2"": [{""timestamp"": ""2026-08-06T00:20:03Z"", ""signal"": ""SNMP_LINK"", ""status"": ""down""}, {""timestamp"": ""2026-08-06T00:20:38Z"", ""signal"": ""SNMP_LINK"", ""status"": ""up""}]}, ""ASHGROVE-CSW01"": {""xe-0/0/14"": [{""timestamp"": ""2026-08-06T00:20:20Z"", ""signal"": ""SNMP_LINK"", ""status"": ""down""}, {""timestamp"": ""2026-08-06T00:20:35Z"", ""signal"": ""SNMP_LINK"", ""status"": ""up""}]}}}",2026-08-06
